{
	"vnfd": {
			"name": "Apache2",
			"shortName": "Apache2",
			"version": "2.0",
			"description": "A web server based on Apache2",
			"vnfPlatformId": "7cf1d82a-2c8f-4a44-b836-1a797749024b",
			"vdu": {
				"templateId": "ae267320-fd74-4abe-ab74-953374eb6ee0",
				"serviceOfferingId": "e9fdfd2f-9d95-425d-8c79-8f583010ed1d"
			},
			"virtualLink": [
				{
					"name":"VL1",
					"networkId": "f3d7f65c-c128-40a0-972f-015cb9187de9"
				},
				{
					"name":"VL2",
					"networkId": "dbeced01-3d7b-4589-a37d-2ea916c37090"
				}
			],
			"connectionPoint": [
				{
					"name": "cp-management",
					"virtualLink":"VL1"
				},
				{
					"name": "cp-traffic",
					"virtualLink":"VL2"
				}
			],
			"mgmtInterface": {
				"connectionPoint": "cp-management"
			},
			"lifecycle":[
				{
					"operation":"install",
					"file":"Scripts/install.sh"
				},
				{
					"operation":"start",
					"file":"Scripts/start.sh"
				},
				{
					"operation":"stop",
					"file":"Scripts/stop.sh"
				}
			],
			"app":"apache2"
		}
}